document_id,filename,source_type,rank,term,tfidf_score
Bain_report_technology_report_2025,Bain_report_technology_report_2025.pdf,Consulting,1,company,0.21560835757046087
Bain_report_technology_report_2025,Bain_report_technology_report_2025.pdf,Consulting,2,saas,0.2153427972937369
Bain_report_technology_report_2025,Bain_report_technology_report_2025.pdf,Consulting,3,tech,0.20670542960575178
Bain_report_technology_report_2025,Bain_report_technology_report_2025.pdf,Consulting,4,technology,0.20487592911364824
Bain_report_technology_report_2025,Bain_report_technology_report_2025.pdf,Consulting,5,compute,0.17049506484358398
Bain_report_technology_report_2025,Bain_report_technology_report_2025.pdf,Consulting,6,software,0.14537533718281392
Bain_report_technology_report_2025,Bain_report_technology_report_2025.pdf,Consulting,7,humanoid,0.14019388705389813
Bain_report_technology_report_2025,Bain_report_technology_report_2025.pdf,Consulting,8,value,0.13960572160841517
Bain_report_technology_report_2025,Bain_report_technology_report_2025.pdf,Consulting,9,year,0.1389946662013576
Bain_report_technology_report_2025,Bain_report_technology_report_2025.pdf,Consulting,10,agentic,0.13206626239974814
Bain_report_technology_report_2025,Bain_report_technology_report_2025.pdf,Consulting,11,market,0.1145381444470655
Bain_report_technology_report_2025,Bain_report_technology_report_2025.pdf,Consulting,12,see,0.1046193601097203
Bain_report_technology_report_2025,Bain_report_technology_report_2025.pdf,Consulting,13,deal,0.10434562554158466
Bain_report_technology_report_2025,Bain_report_technology_report_2025.pdf,Consulting,14,leader,0.10352486132715537
Bain_report_technology_report_2025,Bain_report_technology_report_2025.pdf,Consulting,15,billion,0.1003037263566709
BCG_AI_Agents_2025,BCG_AI_Agents_2025.pdf,Consulting,1,plan,0.23711732697436771
BCG_AI_Agents_2025,BCG_AI_Agents_2025.pdf,Consulting,2,intelligent,0.22897454209396323
BCG_AI_Agents_2025,BCG_AI_Agents_2025.pdf,Consulting,3,memory,0.1880270717978939
BCG_AI_Agents_2025,BCG_AI_Agents_2025.pdf,Consulting,4,environment,0.18673858159789242
BCG_AI_Agents_2025,BCG_AI_Agents_2025.pdf,Consulting,5,business,0.17945381743429623
BCG_AI_Agents_2025,BCG_AI_Agents_2025.pdf,Consulting,6,observe,0.16027932499994177
BCG_AI_Agents_2025,BCG_AI_Agents_2025.pdf,Consulting,7,module,0.14699499799820712
BCG_AI_Agents_2025,BCG_AI_Agents_2025.pdf,Consulting,8,company,0.13831844073504782
BCG_AI_Agents_2025,BCG_AI_Agents_2025.pdf,Consulting,9,software,0.13080919064335098
BCG_AI_Agents_2025,BCG_AI_Agents_2025.pdf,Consulting,10,analyze,0.11366312394264817
BCG_AI_Agents_2025,BCG_AI_Agents_2025.pdf,Consulting,11,context,0.10767229046057775
BCG_AI_Agents_2025,BCG_AI_Agents_2025.pdf,Consulting,12,connect,0.10744404102736795
BCG_AI_Agents_2025,BCG_AI_Agents_2025.pdf,Consulting,13,virtual,0.10744404102736795
BCG_AI_Agents_2025,BCG_AI_Agents_2025.pdf,Consulting,14,test,0.09879888623931989
BCG_AI_Agents_2025,BCG_AI_Agents_2025.pdf,Consulting,15,accomplish,0.09616759499996505
Deloitte_The_business_imperative_for_Agentic_AI_2025,Deloitte_The_business_imperative_for_Agentic_AI_2025.pdf,Consulting,1,agentic,0.6515489170459194
Deloitte_The_business_imperative_for_Agentic_AI_2025,Deloitte_The_business_imperative_for_Agentic_AI_2025.pdf,Consulting,2,organisation,0.3031001553239193
Deloitte_The_business_imperative_for_Agentic_AI_2025,Deloitte_The_business_imperative_for_Agentic_AI_2025.pdf,Consulting,3,ideal,0.23975473234783626
Deloitte_The_business_imperative_for_Agentic_AI_2025,Deloitte_The_business_imperative_for_Agentic_AI_2025.pdf,Consulting,4,imperative,0.23878083223276386
Deloitte_The_business_imperative_for_Agentic_AI_2025,Deloitte_The_business_imperative_for_Agentic_AI_2025.pdf,Consulting,5,business,0.22119417961742024
Deloitte_The_business_imperative_for_Agentic_AI_2025,Deloitte_The_business_imperative_for_Agentic_AI_2025.pdf,Consulting,6,genai,0.14020310148736861
Deloitte_The_business_imperative_for_Agentic_AI_2025,Deloitte_The_business_imperative_for_Agentic_AI_2025.pdf,Consulting,7,autonomous,0.09945664088100298
Deloitte_The_business_imperative_for_Agentic_AI_2025,Deloitte_The_business_imperative_for_Agentic_AI_2025.pdf,Consulting,8,reason,0.0831767723664265
Deloitte_The_business_imperative_for_Agentic_AI_2025,Deloitte_The_business_imperative_for_Agentic_AI_2025.pdf,Consulting,9,intelligent,0.08213137208387006
Deloitte_The_business_imperative_for_Agentic_AI_2025,Deloitte_The_business_imperative_for_Agentic_AI_2025.pdf,Consulting,10,rpa,0.08160388797182443
Deloitte_The_business_imperative_for_Agentic_AI_2025,Deloitte_The_business_imperative_for_Agentic_AI_2025.pdf,Consulting,11,criterion,0.07074987621711522
Deloitte_The_business_imperative_for_Agentic_AI_2025,Deloitte_The_business_imperative_for_Agentic_AI_2025.pdf,Consulting,12,goal,0.0684648651196777
Deloitte_The_business_imperative_for_Agentic_AI_2025,Deloitte_The_business_imperative_for_Agentic_AI_2025.pdf,Consulting,13,automation,0.06630442725400199
Deloitte_The_business_imperative_for_Agentic_AI_2025,Deloitte_The_business_imperative_for_Agentic_AI_2025.pdf,Consulting,14,ensure,0.06630442725400199
Deloitte_The_business_imperative_for_Agentic_AI_2025,Deloitte_The_business_imperative_for_Agentic_AI_2025.pdf,Consulting,15,deployment,0.05793180894741958
Google_Agentic_AI_TAM_Analysis_2025,Google_Agentic_AI_TAM_Analysis_2025.pdf,Industry,1,agentic,0.426074097146661
Google_Agentic_AI_TAM_Analysis_2025,Google_Agentic_AI_TAM_Analysis_2025.pdf,Industry,2,pool,0.2721145388405968
Google_Agentic_AI_TAM_Analysis_2025,Google_Agentic_AI_TAM_Analysis_2025.pdf,Industry,3,value,0.19588436562802863
Google_Agentic_AI_TAM_Analysis_2025,Google_Agentic_AI_TAM_Analysis_2025.pdf,Industry,4,service,0.18364159277627687
Google_Agentic_AI_TAM_Analysis_2025,Google_Agentic_AI_TAM_Analysis_2025.pdf,Industry,5,customer,0.15670270732543248
Google_Agentic_AI_TAM_Analysis_2025,Google_Agentic_AI_TAM_Analysis_2025.pdf,Industry,6,partner,0.11731012271697393
Google_Agentic_AI_TAM_Analysis_2025,Google_Agentic_AI_TAM_Analysis_2025.pdf,Industry,7,shape,0.11243840618836505
Google_Agentic_AI_TAM_Analysis_2025,Google_Agentic_AI_TAM_Analysis_2025.pdf,Industry,8,exhibit,0.10934642666628344
Google_Agentic_AI_TAM_Analysis_2025,Google_Agentic_AI_TAM_Analysis_2025.pdf,Industry,9,team,0.10651212381024058
Google_Agentic_AI_TAM_Analysis_2025,Google_Agentic_AI_TAM_Analysis_2025.pdf,Industry,10,illustrative,0.10649982616928273
Google_Agentic_AI_TAM_Analysis_2025,Google_Agentic_AI_TAM_Analysis_2025.pdf,Industry,11,insurance,0.10354149766458044
Google_Agentic_AI_TAM_Analysis_2025,Google_Agentic_AI_TAM_Analysis_2025.pdf,Industry,12,market,0.10262736761437513
Google_Agentic_AI_TAM_Analysis_2025,Google_Agentic_AI_TAM_Analysis_2025.pdf,Industry,13,cloud,0.10073657121176788
Google_Agentic_AI_TAM_Analysis_2025,Google_Agentic_AI_TAM_Analysis_2025.pdf,Industry,14,sale,0.10044317064283516
Google_Agentic_AI_TAM_Analysis_2025,Google_Agentic_AI_TAM_Analysis_2025.pdf,Industry,15,flag,0.10026974771627162
Google_The_ROI_of_AI_2025,Google_The_ROI_of_AI_2025.pdf,Industry,1,organization,0.34962082419121304
Google_The_ROI_of_AI_2025,Google_The_ROI_of_AI_2025.pdf,Industry,2,business,0.28778157519543024
Google_The_ROI_of_AI_2025,Google_The_ROI_of_AI_2025.pdf,Industry,3,roi,0.2260573755038362
Google_The_ROI_of_AI_2025,Google_The_ROI_of_AI_2025.pdf,Industry,4,capability,0.18639892664644278
Google_The_ROI_of_AI_2025,Google_The_ROI_of_AI_2025.pdf,Industry,5,executive,0.1814346008187015
Google_The_ROI_of_AI_2025,Google_The_ROI_of_AI_2025.pdf,Industry,6,advantage,0.16083190642608192
Google_The_ROI_of_AI_2025,Google_The_ROI_of_AI_2025.pdf,Industry,7,measurable,0.15119550068225124
Google_The_ROI_of_AI_2025,Google_The_ROI_of_AI_2025.pdf,Industry,8,customer,0.14208261064515268
Google_The_ROI_of_AI_2025,Google_The_ROI_of_AI_2025.pdf,Industry,9,value,0.13542662362137892
Google_The_ROI_of_AI_2025,Google_The_ROI_of_AI_2025.pdf,Industry,10,deliver,0.13047924865250993
Google_The_ROI_of_AI_2025,Google_The_ROI_of_AI_2025.pdf,Industry,11,organizational,0.12669331788787436
Google_The_ROI_of_AI_2025,Google_The_ROI_of_AI_2025.pdf,Industry,12,debate,0.12271620749422037
Google_The_ROI_of_AI_2025,Google_The_ROI_of_AI_2025.pdf,Industry,13,rather,0.10656195798386453
Google_The_ROI_of_AI_2025,Google_The_ROI_of_AI_2025.pdf,Industry,14,strategically,0.10399804678551111
Google_The_ROI_of_AI_2025,Google_The_ROI_of_AI_2025.pdf,Industry,15,workflow,0.10282965417388619
Harvard_Designing_a_Successful_Agentic_AI_System_2025,Harvard_Designing_a_Successful_Agentic_AI_System_2025.pdf,Academic,1,agentic,0.481712214466249
Harvard_Designing_a_Successful_Agentic_AI_System_2025,Harvard_Designing_a_Successful_Agentic_AI_System_2025.pdf,Academic,2,hitachi,0.2282088637990205
Harvard_Designing_a_Successful_Agentic_AI_System_2025,Harvard_Designing_a_Successful_Agentic_AI_System_2025.pdf,Academic,3,mission,0.21329402330703073
Harvard_Designing_a_Successful_Agentic_AI_System_2025,Harvard_Designing_a_Successful_Agentic_AI_System_2025.pdf,Academic,4,employee,0.20706321319139182
Harvard_Designing_a_Successful_Agentic_AI_System_2025,Harvard_Designing_a_Successful_Agentic_AI_System_2025.pdf,Academic,5,customer,0.18874985007164943
Harvard_Designing_a_Successful_Agentic_AI_System_2025,Harvard_Designing_a_Successful_Agentic_AI_System_2025.pdf,Academic,6,company,0.16681898058348066
Harvard_Designing_a_Successful_Agentic_AI_System_2025,Harvard_Designing_a_Successful_Agentic_AI_System_2025.pdf,Academic,7,organization,0.13804214212759455
Harvard_Designing_a_Successful_Agentic_AI_System_2025,Harvard_Designing_a_Successful_Agentic_AI_System_2025.pdf,Academic,8,outcome,0.13554042172407804
Harvard_Designing_a_Successful_Agentic_AI_System_2025,Harvard_Designing_a_Successful_Agentic_AI_System_2025.pdf,Academic,9,journey,0.11994800237497664
Harvard_Designing_a_Successful_Agentic_AI_System_2025,Harvard_Designing_a_Successful_Agentic_AI_System_2025.pdf,Academic,10,team,0.10415708626720284
Harvard_Designing_a_Successful_Agentic_AI_System_2025,Harvard_Designing_a_Successful_Agentic_AI_System_2025.pdf,Academic,11,owner,0.10148507724697022
Harvard_Designing_a_Successful_Agentic_AI_System_2025,Harvard_Designing_a_Successful_Agentic_AI_System_2025.pdf,Academic,12,silo,0.09695182877592305
Harvard_Designing_a_Successful_Agentic_AI_System_2025,Harvard_Designing_a_Successful_Agentic_AI_System_2025.pdf,Academic,13,digital,0.09383567657820788
Harvard_Designing_a_Successful_Agentic_AI_System_2025,Harvard_Designing_a_Successful_Agentic_AI_System_2025.pdf,Academic,14,payroll,0.09152141683236192
Harvard_Designing_a_Successful_Agentic_AI_System_2025,Harvard_Designing_a_Successful_Agentic_AI_System_2025.pdf,Academic,15,outcomes,0.08914663687354313
ITI_Understanding_Agentic_AI_Policy_Guide_2025,ITI_Understanding_Agentic_AI_Policy_Guide_2025.pdf,Policy,1,agentic,0.7212895925431174
ITI_Understanding_Agentic_AI_Policy_Guide_2025,ITI_Understanding_Agentic_AI_Policy_Guide_2025.pdf,Policy,2,promote,0.20918117868398273
ITI_Understanding_Agentic_AI_Policy_Guide_2025,ITI_Understanding_Agentic_AI_Policy_Guide_2025.pdf,Policy,3,government,0.1960360673132673
ITI_Understanding_Agentic_AI_Policy_Guide_2025,ITI_Understanding_Agentic_AI_Policy_Guide_2025.pdf,Policy,4,risk,0.14927125863247645
ITI_Understanding_Agentic_AI_Policy_Guide_2025,ITI_Understanding_Agentic_AI_Policy_Guide_2025.pdf,Policy,5,worldwide,0.13728150706198813
ITI_Understanding_Agentic_AI_Policy_Guide_2025,ITI_Understanding_Agentic_AI_Policy_Guide_2025.pdf,Policy,6,adoption,0.09640849323030035
ITI_Understanding_Agentic_AI_Policy_Guide_2025,ITI_Understanding_Agentic_AI_Policy_Guide_2025.pdf,Policy,7,llm,0.08831978479186935
ITI_Understanding_Agentic_AI_Policy_Guide_2025,ITI_Understanding_Agentic_AI_Policy_Guide_2025.pdf,Policy,8,innovation,0.08803176791146046
ITI_Understanding_Agentic_AI_Policy_Guide_2025,ITI_Understanding_Agentic_AI_Policy_Guide_2025.pdf,Policy,9,slm,0.08792473783542226
ITI_Understanding_Agentic_AI_Policy_Guide_2025,ITI_Understanding_Agentic_AI_Policy_Guide_2025.pdf,Policy,10,chain,0.0827535591695153
ITI_Understanding_Agentic_AI_Policy_Guide_2025,ITI_Understanding_Agentic_AI_Policy_Guide_2025.pdf,Policy,11,technology,0.08025967397840028
ITI_Understanding_Agentic_AI_Policy_Guide_2025,ITI_Understanding_Agentic_AI_Policy_Guide_2025.pdf,Policy,12,policy,0.08014328806034639
ITI_Understanding_Agentic_AI_Policy_Guide_2025,ITI_Understanding_Agentic_AI_Policy_Guide_2025.pdf,Policy,13,siemens,0.07815532252037534
ITI_Understanding_Agentic_AI_Policy_Guide_2025,ITI_Understanding_Agentic_AI_Policy_Guide_2025.pdf,Policy,14,framework,0.07654936340126996
ITI_Understanding_Agentic_AI_Policy_Guide_2025,ITI_Understanding_Agentic_AI_Policy_Guide_2025.pdf,Policy,15,policymakers,0.07470756381570812
McKinsey_Empowering_advanced_industries_with_agentic_AI_2025,McKinsey_Empowering_advanced_industries_with_agentic_AI_2025.pdf,Consulting,1,agentic,0.4859553411352453
McKinsey_Empowering_advanced_industries_with_agentic_AI_2025,McKinsey_Empowering_advanced_industries_with_agentic_AI_2025.pdf,Consulting,2,company,0.18296470669574866
McKinsey_Empowering_advanced_industries_with_agentic_AI_2025,McKinsey_Empowering_advanced_industries_with_agentic_AI_2025.pdf,Consulting,3,organization,0.1543713557876972
McKinsey_Empowering_advanced_industries_with_agentic_AI_2025,McKinsey_Empowering_advanced_industries_with_agentic_AI_2025.pdf,Consulting,4,advanced,0.14630484239438116
McKinsey_Empowering_advanced_industries_with_agentic_AI_2025,McKinsey_Empowering_advanced_industries_with_agentic_AI_2025.pdf,Consulting,5,industry,0.1435667840733411
McKinsey_Empowering_advanced_industries_with_agentic_AI_2025,McKinsey_Empowering_advanced_industries_with_agentic_AI_2025.pdf,Consulting,6,automotive,0.14171209418138092
McKinsey_Empowering_advanced_industries_with_agentic_AI_2025,McKinsey_Empowering_advanced_industries_with_agentic_AI_2025.pdf,Consulting,7,percent,0.12009645100417664
McKinsey_Empowering_advanced_industries_with_agentic_AI_2025,McKinsey_Empowering_advanced_industries_with_agentic_AI_2025.pdf,Consulting,8,sale,0.11831569394501237
McKinsey_Empowering_advanced_industries_with_agentic_AI_2025,McKinsey_Empowering_advanced_industries_with_agentic_AI_2025.pdf,Consulting,9,exhibit,0.10475990810012617
McKinsey_Empowering_advanced_industries_with_agentic_AI_2025,McKinsey_Empowering_advanced_industries_with_agentic_AI_2025.pdf,Consulting,10,empower,0.10241338967606682
McKinsey_Empowering_advanced_industries_with_agentic_AI_2025,McKinsey_Empowering_advanced_industries_with_agentic_AI_2025.pdf,Consulting,11,efficiency,0.10171158302830714
McKinsey_Empowering_advanced_industries_with_agentic_AI_2025,McKinsey_Empowering_advanced_industries_with_agentic_AI_2025.pdf,Consulting,12,historical,0.10008037583681387
McKinsey_Empowering_advanced_industries_with_agentic_AI_2025,McKinsey_Empowering_advanced_industries_with_agentic_AI_2025.pdf,Consulting,13,enhance,0.09700164241007554
McKinsey_Empowering_advanced_industries_with_agentic_AI_2025,McKinsey_Empowering_advanced_industries_with_agentic_AI_2025.pdf,Consulting,14,capability,0.09686366825069047
McKinsey_Empowering_advanced_industries_with_agentic_AI_2025,McKinsey_Empowering_advanced_industries_with_agentic_AI_2025.pdf,Consulting,15,test,0.09686366825069047
McKinsey_The_agentic_organization_contours_of_the_next_paradigm_for_the_AI_era_2025,McKinsey_The_agentic_organization_contours_of_the_next_paradigm_for_the_AI_era_2025.pdf,Consulting,1,agentic,0.4799482019013624
McKinsey_The_agentic_organization_contours_of_the_next_paradigm_for_the_AI_era_2025,McKinsey_The_agentic_organization_contours_of_the_next_paradigm_for_the_AI_era_2025.pdf,Consulting,2,organization,0.3321006596783812
McKinsey_The_agentic_organization_contours_of_the_next_paradigm_for_the_AI_era_2025,McKinsey_The_agentic_organization_contours_of_the_next_paradigm_for_the_AI_era_2025.pdf,Consulting,3,era,0.19377485660593302
McKinsey_The_agentic_organization_contours_of_the_next_paradigm_for_the_AI_era_2025,McKinsey_The_agentic_organization_contours_of_the_next_paradigm_for_the_AI_era_2025.pdf,Consulting,4,paradigm,0.18701465704823714
McKinsey_The_agentic_organization_contours_of_the_next_paradigm_for_the_AI_era_2025,McKinsey_The_agentic_organization_contours_of_the_next_paradigm_for_the_AI_era_2025.pdf,Consulting,5,team,0.15692905713507838
McKinsey_The_agentic_organization_contours_of_the_next_paradigm_for_the_AI_era_2025,McKinsey_The_agentic_organization_contours_of_the_next_paradigm_for_the_AI_era_2025.pdf,Consulting,6,product,0.14875238631505877
McKinsey_The_agentic_organization_contours_of_the_next_paradigm_for_the_AI_era_2025,McKinsey_The_agentic_organization_contours_of_the_next_paradigm_for_the_AI_era_2025.pdf,Consulting,7,culture,0.11588560563123909
McKinsey_The_agentic_organization_contours_of_the_next_paradigm_for_the_AI_era_2025,McKinsey_The_agentic_organization_contours_of_the_next_paradigm_for_the_AI_era_2025.pdf,Consulting,8,company,0.11148103970436887
McKinsey_The_agentic_organization_contours_of_the_next_paradigm_for_the_AI_era_2025,McKinsey_The_agentic_organization_contours_of_the_next_paradigm_for_the_AI_era_2025.pdf,Consulting,9,percent,0.1036648528638727
McKinsey_The_agentic_organization_contours_of_the_next_paradigm_for_the_AI_era_2025,McKinsey_The_agentic_organization_contours_of_the_next_paradigm_for_the_AI_era_2025.pdf,Consulting,10,operate,0.10090952219673219
McKinsey_The_agentic_organization_contours_of_the_next_paradigm_for_the_AI_era_2025,McKinsey_The_agentic_organization_contours_of_the_next_paradigm_for_the_AI_era_2025.pdf,Consulting,11,industrial,0.09657133802603259
McKinsey_The_agentic_organization_contours_of_the_next_paradigm_for_the_AI_era_2025,McKinsey_The_agentic_organization_contours_of_the_next_paradigm_for_the_AI_era_2025.pdf,Consulting,12,functional,0.09618997527825918
McKinsey_The_agentic_organization_contours_of_the_next_paradigm_for_the_AI_era_2025,McKinsey_The_agentic_organization_contours_of_the_next_paradigm_for_the_AI_era_2025.pdf,Consulting,13,workflow,0.0922501832439948
McKinsey_The_agentic_organization_contours_of_the_next_paradigm_for_the_AI_era_2025,McKinsey_The_agentic_organization_contours_of_the_next_paradigm_for_the_AI_era_2025.pdf,Consulting,14,leader,0.08610017102772848
McKinsey_The_agentic_organization_contours_of_the_next_paradigm_for_the_AI_era_2025,McKinsey_The_agentic_organization_contours_of_the_next_paradigm_for_the_AI_era_2025.pdf,Consulting,15,technology,0.08605787004181718
McKinsey_What_is_an_AI_Agent_2025,McKinsey_What_is_an_AI_Agent_2025.pdf,Consulting,1,gen,0.4455102210017345
McKinsey_What_is_an_AI_Agent_2025,McKinsey_What_is_an_AI_Agent_2025.pdf,Consulting,2,partner,0.21975021299830552
McKinsey_What_is_an_AI_Agent_2025,McKinsey_What_is_an_AI_Agent_2025.pdf,Consulting,3,company,0.19886278307070637
McKinsey_What_is_an_AI_Agent_2025,McKinsey_What_is_an_AI_Agent_2025.pdf,Consulting,4,organization,0.16717031648500005
McKinsey_What_is_an_AI_Agent_2025,McKinsey_What_is_an_AI_Agent_2025.pdf,Consulting,5,customer,0.16241055764025
McKinsey_What_is_an_AI_Agent_2025,McKinsey_What_is_an_AI_Agent_2025.pdf,Consulting,6,senior,0.15447413164520704
McKinsey_What_is_an_AI_Agent_2025,McKinsey_What_is_an_AI_Agent_2025.pdf,Consulting,7,office,0.14441628466957313
McKinsey_What_is_an_AI_Agent_2025,McKinsey_What_is_an_AI_Agent_2025.pdf,Consulting,8,copilot,0.14089147835990348
McKinsey_What_is_an_AI_Agent_2025,McKinsey_What_is_an_AI_Agent_2025.pdf,Consulting,9,quantumblack,0.1381815270249215
McKinsey_What_is_an_AI_Agent_2025,McKinsey_What_is_an_AI_Agent_2025.pdf,Consulting,10,program,0.11566864864107534
McKinsey_What_is_an_AI_Agent_2025,McKinsey_What_is_an_AI_Agent_2025.pdf,Consulting,11,workflow,0.11492959258343755
McKinsey_What_is_an_AI_Agent_2025,McKinsey_What_is_an_AI_Agent_2025.pdf,Consulting,12,user,0.1082737050935
McKinsey_What_is_an_AI_Agent_2025,McKinsey_What_is_an_AI_Agent_2025.pdf,Consulting,13,service,0.10320152650073686
McKinsey_What_is_an_AI_Agent_2025,McKinsey_What_is_an_AI_Agent_2025.pdf,Consulting,14,say,0.10109139926870118
McKinsey_What_is_an_AI_Agent_2025,McKinsey_What_is_an_AI_Agent_2025.pdf,Consulting,15,enterprise,0.09469656336700304
Microsoft_Agent_AI_Towards_a_Holistic_Intelligence_2025,Microsoft_Agent_AI_Towards_a_Holistic_Intelligence_2025.pdf,Industry,1,page,0.3858406886762959
Microsoft_Agent_AI_Towards_a_Holistic_Intelligence_2025,Microsoft_Agent_AI_Towards_a_Holistic_Intelligence_2025.pdf,Industry,2,video,0.20522990086781828
Microsoft_Agent_AI_Towards_a_Holistic_Intelligence_2025,Microsoft_Agent_AI_Towards_a_Holistic_Intelligence_2025.pdf,Industry,3,ieee,0.19914358125228176
Microsoft_Agent_AI_Towards_a_Holistic_Intelligence_2025,Microsoft_Agent_AI_Towards_a_Holistic_Intelligence_2025.pdf,Industry,4,preprint,0.19310860287237486
Microsoft_Agent_AI_Towards_a_Holistic_Intelligence_2025,Microsoft_Agent_AI_Towards_a_Holistic_Intelligence_2025.pdf,Industry,5,robot,0.1866981016314048
Microsoft_Agent_AI_Towards_a_Holistic_Intelligence_2025,Microsoft_Agent_AI_Towards_a_Holistic_Intelligence_2025.pdf,Industry,6,game,0.1729900054452952
Microsoft_Agent_AI_Towards_a_Holistic_Intelligence_2025,Microsoft_Agent_AI_Towards_a_Holistic_Intelligence_2025.pdf,Industry,7,environment,0.17270963517821775
Microsoft_Agent_AI_Towards_a_Holistic_Intelligence_2025,Microsoft_Agent_AI_Towards_a_Holistic_Intelligence_2025.pdf,Industry,8,image,0.13801483867189096
Microsoft_Agent_AI_Towards_a_Holistic_Intelligence_2025,Microsoft_Agent_AI_Towards_a_Holistic_Intelligence_2025.pdf,Industry,9,huang,0.1369112121109437
Microsoft_Agent_AI_Towards_a_Holistic_Intelligence_2025,Microsoft_Agent_AI_Towards_a_Holistic_Intelligence_2025.pdf,Industry,10,tion,0.13681993391187885
Microsoft_Agent_AI_Towards_a_Holistic_Intelligence_2025,Microsoft_Agent_AI_Towards_a_Holistic_Intelligence_2025.pdf,Industry,11,robotics,0.13681993391187885
Microsoft_Agent_AI_Towards_a_Holistic_Intelligence_2025,Microsoft_Agent_AI_Towards_a_Holistic_Intelligence_2025.pdf,Industry,12,world,0.12515379595693868
Microsoft_Agent_AI_Towards_a_Holistic_Intelligence_2025,Microsoft_Agent_AI_Towards_a_Holistic_Intelligence_2025.pdf,Industry,13,chen,0.1244647382826761
Microsoft_Agent_AI_Towards_a_Holistic_Intelligence_2025,Microsoft_Agent_AI_Towards_a_Holistic_Intelligence_2025.pdf,Industry,14,ing,0.1103477730699285
Microsoft_Agent_AI_Towards_a_Holistic_Intelligence_2025,Microsoft_Agent_AI_Towards_a_Holistic_Intelligence_2025.pdf,Industry,15,zhang,0.10261495043390914
MIT_Reimagining_the_future_of_banking_with_agentic_AI_2025,MIT_Reimagining_the_future_of_banking_with_agentic_AI_2025.pdf,Academic,1,agentic,0.35641291017816246
MIT_Reimagining_the_future_of_banking_with_agentic_AI_2025,MIT_Reimagining_the_future_of_banking_with_agentic_AI_2025.pdf,Academic,2,say,0.3486131254929232
MIT_Reimagining_the_future_of_banking_with_agentic_AI_2025,MIT_Reimagining_the_future_of_banking_with_agentic_AI_2025.pdf,Academic,3,technology,0.2705122629442134
MIT_Reimagining_the_future_of_banking_with_agentic_AI_2025,MIT_Reimagining_the_future_of_banking_with_agentic_AI_2025.pdf,Academic,4,survey,0.20716234769912442
MIT_Reimagining_the_future_of_banking_with_agentic_AI_2025,MIT_Reimagining_the_future_of_banking_with_agentic_AI_2025.pdf,Academic,5,insight,0.19639078724102826
MIT_Reimagining_the_future_of_banking_with_agentic_AI_2025,MIT_Reimagining_the_future_of_banking_with_agentic_AI_2025.pdf,Academic,6,review,0.19395718680425164
MIT_Reimagining_the_future_of_banking_with_agentic_AI_2025,MIT_Reimagining_the_future_of_banking_with_agentic_AI_2025.pdf,Academic,7,customer,0.17820469561171745
MIT_Reimagining_the_future_of_banking_with_agentic_AI_2025,MIT_Reimagining_the_future_of_banking_with_agentic_AI_2025.pdf,Academic,8,bank,0.16922295875665916
MIT_Reimagining_the_future_of_banking_with_agentic_AI_2025,MIT_Reimagining_the_future_of_banking_with_agentic_AI_2025.pdf,Academic,9,firm,0.141247055249403
MIT_Reimagining_the_future_of_banking_with_agentic_AI_2025,MIT_Reimagining_the_future_of_banking_with_agentic_AI_2025.pdf,Academic,10,executive,0.1348511166609587
MIT_Reimagining_the_future_of_banking_with_agentic_AI_2025,MIT_Reimagining_the_future_of_banking_with_agentic_AI_2025.pdf,Academic,11,gupta,0.12532837759766793
MIT_Reimagining_the_future_of_banking_with_agentic_AI_2025,MIT_Reimagining_the_future_of_banking_with_agentic_AI_2025.pdf,Academic,12,fraud,0.12361352360587882
MIT_Reimagining_the_future_of_banking_with_agentic_AI_2025,MIT_Reimagining_the_future_of_banking_with_agentic_AI_2025.pdf,Academic,13,banking,0.10801090090047406
MIT_Reimagining_the_future_of_banking_with_agentic_AI_2025,MIT_Reimagining_the_future_of_banking_with_agentic_AI_2025.pdf,Academic,14,detection,0.1070266017997499
MIT_Reimagining_the_future_of_banking_with_agentic_AI_2025,MIT_Reimagining_the_future_of_banking_with_agentic_AI_2025.pdf,Academic,15,respondent,0.10306194942090849
MIT_The_Emerging_Agentic_enterprise_2025,MIT_The_Emerging_Agentic_enterprise_2025.pdf,Academic,1,agentic,0.5467405007474802
MIT_The_Emerging_Agentic_enterprise_2025,MIT_The_Emerging_Agentic_enterprise_2025.pdf,Academic,2,organization,0.37138254452534125
MIT_The_Emerging_Agentic_enterprise_2025,MIT_The_Emerging_Agentic_enterprise_2025.pdf,Academic,3,adoption,0.18670884950125766
MIT_The_Emerging_Agentic_enterprise_2025,MIT_The_Emerging_Agentic_enterprise_2025.pdf,Academic,4,tension,0.1598862371819874
MIT_The_Emerging_Agentic_enterprise_2025,MIT_The_Emerging_Agentic_enterprise_2025.pdf,Academic,5,management,0.14726331791648492
MIT_The_Emerging_Agentic_enterprise_2025,MIT_The_Emerging_Agentic_enterprise_2025.pdf,Academic,6,extensive,0.13224939803610092
MIT_The_Emerging_Agentic_enterprise_2025,MIT_The_Emerging_Agentic_enterprise_2025.pdf,Academic,7,versus,0.12695987849148416
MIT_The_Emerging_Agentic_enterprise_2025,MIT_The_Emerging_Agentic_enterprise_2025.pdf,Academic,8,leader,0.12476132355148183
MIT_The_Emerging_Agentic_enterprise_2025,MIT_The_Emerging_Agentic_enterprise_2025.pdf,Academic,9,investment,0.12205950212783584
MIT_The_Emerging_Agentic_enterprise_2025,MIT_The_Emerging_Agentic_enterprise_2025.pdf,Academic,10,respondent,0.11737573280526083
MIT_The_Emerging_Agentic_enterprise_2025,MIT_The_Emerging_Agentic_enterprise_2025.pdf,Academic,11,plan,0.09992868001475763
MIT_The_Emerging_Agentic_enterprise_2025,MIT_The_Emerging_Agentic_enterprise_2025.pdf,Academic,12,adopt,0.09574706226043954
MIT_The_Emerging_Agentic_enterprise_2025,MIT_The_Emerging_Agentic_enterprise_2025.pdf,Academic,13,technology,0.08597649013734027
MIT_The_Emerging_Agentic_enterprise_2025,MIT_The_Emerging_Agentic_enterprise_2025.pdf,Academic,14,review,0.08415046738084853
MIT_The_Emerging_Agentic_enterprise_2025,MIT_The_Emerging_Agentic_enterprise_2025.pdf,Academic,15,year,0.08351439619272978
OECD_Explanatory_memorandum_on_the_updated_oecd_definition_of_an_AI_system_2024,OECD_Explanatory_memorandum_on_the_updated_oecd_definition_of_an_AI_system_2024.pdf,Policy,1,definition,0.42257044956458406
OECD_Explanatory_memorandum_on_the_updated_oecd_definition_of_an_AI_system_2024,OECD_Explanatory_memorandum_on_the_updated_oecd_definition_of_an_AI_system_2024.pdf,Policy,2,explanatory,0.3192056731765817
OECD_Explanatory_memorandum_on_the_updated_oecd_definition_of_an_AI_system_2024,OECD_Explanatory_memorandum_on_the_updated_oecd_definition_of_an_AI_system_2024.pdf,Policy,3,objective,0.25348950695817907
OECD_Explanatory_memorandum_on_the_updated_oecd_definition_of_an_AI_system_2024,OECD_Explanatory_memorandum_on_the_updated_oecd_definition_of_an_AI_system_2024.pdf,Policy,4,input,0.2347125064427584
OECD_Explanatory_memorandum_on_the_updated_oecd_definition_of_an_AI_system_2024,OECD_Explanatory_memorandum_on_the_updated_oecd_definition_of_an_AI_system_2024.pdf,Policy,5,output,0.18703992317126916
OECD_Explanatory_memorandum_on_the_updated_oecd_definition_of_an_AI_system_2024,OECD_Explanatory_memorandum_on_the_updated_oecd_definition_of_an_AI_system_2024.pdf,Policy,6,machine,0.17699509120776558
OECD_Explanatory_memorandum_on_the_updated_oecd_definition_of_an_AI_system_2024,OECD_Explanatory_memorandum_on_the_updated_oecd_definition_of_an_AI_system_2024.pdf,Policy,7,update,0.16090462837069597
OECD_Explanatory_memorandum_on_the_updated_oecd_definition_of_an_AI_system_2024,OECD_Explanatory_memorandum_on_the_updated_oecd_definition_of_an_AI_system_2024.pdf,Policy,8,paper,0.15568384983958358
OECD_Explanatory_memorandum_on_the_updated_oecd_definition_of_an_AI_system_2024,OECD_Explanatory_memorandum_on_the_updated_oecd_definition_of_an_AI_system_2024.pdf,Policy,9,artificial,0.14481416553362636
OECD_Explanatory_memorandum_on_the_updated_oecd_definition_of_an_AI_system_2024,OECD_Explanatory_memorandum_on_the_updated_oecd_definition_of_an_AI_system_2024.pdf,Policy,10,implicit,0.14186918807848076
OECD_Explanatory_memorandum_on_the_updated_oecd_definition_of_an_AI_system_2024,OECD_Explanatory_memorandum_on_the_updated_oecd_definition_of_an_AI_system_2024.pdf,Policy,11,explicit,0.13344329986250023
OECD_Explanatory_memorandum_on_the_updated_oecd_definition_of_an_AI_system_2024,OECD_Explanatory_memorandum_on_the_updated_oecd_definition_of_an_AI_system_2024.pdf,Policy,12,intelligence,0.13125204609276622
OECD_Explanatory_memorandum_on_the_updated_oecd_definition_of_an_AI_system_2024,OECD_Explanatory_memorandum_on_the_updated_oecd_definition_of_an_AI_system_2024.pdf,Policy,13,recommendation,0.12205050335023436
OECD_Explanatory_memorandum_on_the_updated_oecd_definition_of_an_AI_system_2024,OECD_Explanatory_memorandum_on_the_updated_oecd_definition_of_an_AI_system_2024.pdf,Policy,14,prediction,0.11369812968595955
OECD_Explanatory_memorandum_on_the_updated_oecd_definition_of_an_AI_system_2024,OECD_Explanatory_memorandum_on_the_updated_oecd_definition_of_an_AI_system_2024.pdf,Policy,15,phase,0.10848859507008173
OECD_From_prediction_to_autonomy_What_agentic_AI_means_for_SMEs_2025,OECD_From_prediction_to_autonomy_What_agentic_AI_means_for_SMEs_2025.pdf,Policy,1,entrepreneurship,0.27441612394518305
OECD_From_prediction_to_autonomy_What_agentic_AI_means_for_SMEs_2025,OECD_From_prediction_to_autonomy_What_agentic_AI_means_for_SMEs_2025.pdf,Policy,2,digital,0.21903328933704222
OECD_From_prediction_to_autonomy_What_agentic_AI_means_for_SMEs_2025,OECD_From_prediction_to_autonomy_What_agentic_AI_means_for_SMEs_2025.pdf,Policy,3,agentic,0.20908695692617532
OECD_From_prediction_to_autonomy_What_agentic_AI_means_for_SMEs_2025,OECD_From_prediction_to_autonomy_What_agentic_AI_means_for_SMEs_2025.pdf,Policy,4,adoption,0.19912117212458386
OECD_From_prediction_to_autonomy_What_agentic_AI_means_for_SMEs_2025,OECD_From_prediction_to_autonomy_What_agentic_AI_means_for_SMEs_2025.pdf,Policy,5,firm,0.16240858729430344
OECD_From_prediction_to_autonomy_What_agentic_AI_means_for_SMEs_2025,OECD_From_prediction_to_autonomy_What_agentic_AI_means_for_SMEs_2025.pdf,Policy,6,policy,0.14636086984832272
OECD_From_prediction_to_autonomy_What_agentic_AI_means_for_SMEs_2025,OECD_From_prediction_to_autonomy_What_agentic_AI_means_for_SMEs_2025.pdf,Policy,7,initiative,0.1459318653806803
OECD_From_prediction_to_autonomy_What_agentic_AI_means_for_SMEs_2025,OECD_From_prediction_to_autonomy_What_agentic_AI_means_for_SMEs_2025.pdf,Policy,8,business,0.14466986756588412
OECD_From_prediction_to_autonomy_What_agentic_AI_means_for_SMEs_2025,OECD_From_prediction_to_autonomy_What_agentic_AI_means_for_SMEs_2025.pdf,Policy,9,small,0.1171712685212036
OECD_From_prediction_to_autonomy_What_agentic_AI_means_for_SMEs_2025,OECD_From_prediction_to_autonomy_What_agentic_AI_means_for_SMEs_2025.pdf,Policy,10,highlight,0.11453942108202937
OECD_From_prediction_to_autonomy_What_agentic_AI_means_for_SMEs_2025,OECD_From_prediction_to_autonomy_What_agentic_AI_means_for_SMEs_2025.pdf,Policy,11,ahmad,0.1129948745656636
OECD_From_prediction_to_autonomy_What_agentic_AI_means_for_SMEs_2025,OECD_From_prediction_to_autonomy_What_agentic_AI_means_for_SMEs_2025.pdf,Policy,12,barrier,0.10767667624652506
OECD_From_prediction_to_autonomy_What_agentic_AI_means_for_SMEs_2025,OECD_From_prediction_to_autonomy_What_agentic_AI_means_for_SMEs_2025.pdf,Policy,13,association,0.10674443320492623
OECD_From_prediction_to_autonomy_What_agentic_AI_means_for_SMEs_2025,OECD_From_prediction_to_autonomy_What_agentic_AI_means_for_SMEs_2025.pdf,Policy,14,affair,0.10196039012902754
OECD_From_prediction_to_autonomy_What_agentic_AI_means_for_SMEs_2025,OECD_From_prediction_to_autonomy_What_agentic_AI_means_for_SMEs_2025.pdf,Policy,15,join,0.10196039012902754
OpenAI_A_practical_guide_to_building_agents_2025,OpenAI_A_practical_guide_to_building_agents_2025.pdf,Industry,1,practical,0.34587077337723776
OpenAI_A_practical_guide_to_building_agents_2025,OpenAI_A_practical_guide_to_building_agents_2025.pdf,Industry,2,building,0.2953246760568458
OpenAI_A_practical_guide_to_building_agents_2025,OpenAI_A_practical_guide_to_building_agents_2025.pdf,Industry,3,guardrail,0.27623656685601095
OpenAI_A_practical_guide_to_building_agents_2025,OpenAI_A_practical_guide_to_building_agents_2025.pdf,Industry,4,guide,0.2645991249439674
OpenAI_A_practical_guide_to_building_agents_2025,OpenAI_A_practical_guide_to_building_agents_2025.pdf,Industry,5,instruction,0.20411932495677487
OpenAI_A_practical_guide_to_building_agents_2025,OpenAI_A_practical_guide_to_building_agents_2025.pdf,Industry,6,user,0.20140384102899525
OpenAI_A_practical_guide_to_building_agents_2025,OpenAI_A_practical_guide_to_building_agents_2025.pdf,Industry,7,workflow,0.1619581048914274
OpenAI_A_practical_guide_to_building_agents_2025,OpenAI_A_practical_guide_to_building_agents_2025.pdf,Industry,8,name,0.14241737727298026
OpenAI_A_practical_guide_to_building_agents_2025,OpenAI_A_practical_guide_to_building_agents_2025.pdf,Industry,9,input,0.13607954997118324
OpenAI_A_practical_guide_to_building_agents_2025,OpenAI_A_practical_guide_to_building_agents_2025.pdf,Industry,10,output,0.1290956660409567
OpenAI_A_practical_guide_to_building_agents_2025,OpenAI_A_practical_guide_to_building_agents_2025.pdf,Industry,11,churn,0.12851823200304355
OpenAI_A_practical_guide_to_building_agents_2025,OpenAI_A_practical_guide_to_building_agents_2025.pdf,Industry,12,message,0.12536251585818295
OpenAI_A_practical_guide_to_building_agents_2025,OpenAI_A_practical_guide_to_building_agents_2025.pdf,Industry,13,pattern,0.11714420698877347
OpenAI_A_practical_guide_to_building_agents_2025,OpenAI_A_practical_guide_to_building_agents_2025.pdf,Industry,14,handoff,0.11596781822266039
OpenAI_A_practical_guide_to_building_agents_2025,OpenAI_A_practical_guide_to_building_agents_2025.pdf,Industry,15,llm,0.10757972170079724
OpenAI_Practices_for_Governing_Agentic_AI_Systems_2025,OpenAI_Practices_for_Governing_Agentic_AI_Systems_2025.pdf,Industry,1,agentic,0.42060168704307266
OpenAI_Practices_for_Governing_Agentic_AI_Systems_2025,OpenAI_Practices_for_Governing_Agentic_AI_Systems_2025.pdf,Industry,2,user,0.3630360831602204
OpenAI_Practices_for_Governing_Agentic_AI_Systems_2025,OpenAI_Practices_for_Governing_Agentic_AI_Systems_2025.pdf,Industry,3,deployers,0.23567741228418676
OpenAI_Practices_for_Governing_Agentic_AI_Systems_2025,OpenAI_Practices_for_Governing_Agentic_AI_Systems_2025.pdf,Industry,4,harm,0.20075457427724622
OpenAI_Practices_for_Governing_Agentic_AI_Systems_2025,OpenAI_Practices_for_Governing_Agentic_AI_Systems_2025.pdf,Industry,5,practice,0.16887261118697475
OpenAI_Practices_for_Governing_Agentic_AI_Systems_2025,OpenAI_Practices_for_Governing_Agentic_AI_Systems_2025.pdf,Industry,6,deployer,0.16436959922657549
OpenAI_Practices_for_Governing_Agentic_AI_Systems_2025,OpenAI_Practices_for_Governing_Agentic_AI_Systems_2025.pdf,Industry,7,developer,0.131265857626317
OpenAI_Practices_for_Governing_Agentic_AI_Systems_2025,OpenAI_Practices_for_Governing_Agentic_AI_Systems_2025.pdf,Industry,8,failure,0.11422631926750282
OpenAI_Practices_for_Governing_Agentic_AI_Systems_2025,OpenAI_Practices_for_Governing_Agentic_AI_Systems_2025.pdf,Industry,9,party,0.11284014270107659
OpenAI_Practices_for_Governing_Agentic_AI_Systems_2025,OpenAI_Practices_for_Governing_Agentic_AI_Systems_2025.pdf,Industry,10,preprint,0.11087891097332915
OpenAI_Practices_for_Governing_Agentic_AI_Systems_2025,OpenAI_Practices_for_Governing_Agentic_AI_Systems_2025.pdf,Industry,11,certain,0.10719813556602274
OpenAI_Practices_for_Governing_Agentic_AI_Systems_2025,OpenAI_Practices_for_Governing_Agentic_AI_Systems_2025.pdf,Industry,12,behavior,0.10063065141842424
OpenAI_Practices_for_Governing_Agentic_AI_Systems_2025,OpenAI_Practices_for_Governing_Agentic_AI_Systems_2025.pdf,Industry,13,goal,0.09464050133848818
OpenAI_Practices_for_Governing_Agentic_AI_Systems_2025,OpenAI_Practices_for_Governing_Agentic_AI_Systems_2025.pdf,Industry,14,best,0.08623282273377433
OpenAI_Practices_for_Governing_Agentic_AI_Systems_2025,OpenAI_Practices_for_Governing_Agentic_AI_Systems_2025.pdf,Industry,15,risk,0.08377755765235854
PwC_Agentic_AI_the_new_frontier_in_GenAI_2024,PwC_Agentic_AI_the_new_frontier_in_GenAI_2024.pdf,Consulting,1,agentic,0.25771413693956424
PwC_Agentic_AI_the_new_frontier_in_GenAI_2024,PwC_Agentic_AI_the_new_frontier_in_GenAI_2024.pdf,Consulting,2,customer,0.22175374894225874
PwC_Agentic_AI_the_new_frontier_in_GenAI_2024,PwC_Agentic_AI_the_new_frontier_in_GenAI_2024.pdf,Consulting,3,organisation,0.22117353447109867
PwC_Agentic_AI_the_new_frontier_in_GenAI_2024,PwC_Agentic_AI_the_new_frontier_in_GenAI_2024.pdf,Consulting,4,financial,0.20542740840206886
PwC_Agentic_AI_the_new_frontier_in_GenAI_2024,PwC_Agentic_AI_the_new_frontier_in_GenAI_2024.pdf,Consulting,5,enhance,0.20158820437287342
PwC_Agentic_AI_the_new_frontier_in_GenAI_2024,PwC_Agentic_AI_the_new_frontier_in_GenAI_2024.pdf,Consulting,6,genai,0.15739512021457225
PwC_Agentic_AI_the_new_frontier_in_GenAI_2024,PwC_Agentic_AI_the_new_frontier_in_GenAI_2024.pdf,Consulting,7,stack,0.14952536420384363
PwC_Agentic_AI_the_new_frontier_in_GenAI_2024,PwC_Agentic_AI_the_new_frontier_in_GenAI_2024.pdf,Consulting,8,business,0.14603434280102778
PwC_Agentic_AI_the_new_frontier_in_GenAI_2024,PwC_Agentic_AI_the_new_frontier_in_GenAI_2024.pdf,Consulting,9,multimodal,0.14416024037995212
PwC_Agentic_AI_the_new_frontier_in_GenAI_2024,PwC_Agentic_AI_the_new_frontier_in_GenAI_2024.pdf,Consulting,10,technology,0.1383483247588684
PwC_Agentic_AI_the_new_frontier_in_GenAI_2024,PwC_Agentic_AI_the_new_frontier_in_GenAI_2024.pdf,Consulting,11,service,0.1383483247588684
PwC_Agentic_AI_the_new_frontier_in_GenAI_2024,PwC_Agentic_AI_the_new_frontier_in_GenAI_2024.pdf,Consulting,12,optimise,0.13378536825604245
PwC_Agentic_AI_the_new_frontier_in_GenAI_2024,PwC_Agentic_AI_the_new_frontier_in_GenAI_2024.pdf,Consulting,13,analyse,0.12349418608250073
PwC_Agentic_AI_the_new_frontier_in_GenAI_2024,PwC_Agentic_AI_the_new_frontier_in_GenAI_2024.pdf,Consulting,14,solution,0.11144726161131066
PwC_Agentic_AI_the_new_frontier_in_GenAI_2024,PwC_Agentic_AI_the_new_frontier_in_GenAI_2024.pdf,Consulting,15,platform,0.11108367971532941
Standford_Policy_brief_Simulating_human_behavior_with_AI_Agents_2025,Standford_Policy_brief_Simulating_human_behavior_with_AI_Agents_2025.pdf,Academic,1,generative,0.3459915973971298
Standford_Policy_brief_Simulating_human_behavior_with_AI_Agents_2025,Standford_Policy_brief_Simulating_human_behavior_with_AI_Agents_2025.pdf,Academic,2,simulate,0.2512870255400462
Standford_Policy_brief_Simulating_human_behavior_with_AI_Agents_2025,Standford_Policy_brief_Simulating_human_behavior_with_AI_Agents_2025.pdf,Academic,3,simulation,0.2376712558640106
Standford_Policy_brief_Simulating_human_behavior_with_AI_Agents_2025,Standford_Policy_brief_Simulating_human_behavior_with_AI_Agents_2025.pdf,Academic,4,survey,0.2181139592926346
Standford_Policy_brief_Simulating_human_behavior_with_AI_Agents_2025,Standford_Policy_brief_Simulating_human_behavior_with_AI_Agents_2025.pdf,Academic,5,social,0.19318027092522194
Standford_Policy_brief_Simulating_human_behavior_with_AI_Agents_2025,Standford_Policy_brief_Simulating_human_behavior_with_AI_Agents_2025.pdf,Academic,6,individual,0.19311158924490968
Standford_Policy_brief_Simulating_human_behavior_with_AI_Agents_2025,Standford_Policy_brief_Simulating_human_behavior_with_AI_Agents_2025.pdf,Academic,7,interview,0.19179754936086385
Standford_Policy_brief_Simulating_human_behavior_with_AI_Agents_2025,Standford_Policy_brief_Simulating_human_behavior_with_AI_Agents_2025.pdf,Academic,8,researcher,0.18846526915503464
Standford_Policy_brief_Simulating_human_behavior_with_AI_Agents_2025,Standford_Policy_brief_Simulating_human_behavior_with_AI_Agents_2025.pdf,Academic,9,behavior,0.18484219996952522
Standford_Policy_brief_Simulating_human_behavior_with_AI_Agents_2025,Standford_Policy_brief_Simulating_human_behavior_with_AI_Agents_2025.pdf,Academic,10,participant,0.17556908355079429
Standford_Policy_brief_Simulating_human_behavior_with_AI_Agents_2025,Standford_Policy_brief_Simulating_human_behavior_with_AI_Agents_2025.pdf,Academic,11,policymakers,0.17275983005878176
Standford_Policy_brief_Simulating_human_behavior_with_AI_Agents_2025,Standford_Policy_brief_Simulating_human_behavior_with_AI_Agents_2025.pdf,Academic,12,demographic,0.16678974117741882
Standford_Policy_brief_Simulating_human_behavior_with_AI_Agents_2025,Standford_Policy_brief_Simulating_human_behavior_with_AI_Agents_2025.pdf,Academic,13,science,0.13047684703731194
Standford_Policy_brief_Simulating_human_behavior_with_AI_Agents_2025,Standford_Policy_brief_Simulating_human_behavior_with_AI_Agents_2025.pdf,Academic,14,game,0.1287868472834813
Standford_Policy_brief_Simulating_human_behavior_with_AI_Agents_2025,Standford_Policy_brief_Simulating_human_behavior_with_AI_Agents_2025.pdf,Academic,15,university,0.1256435127700231
WEF_AI_Agents_in_Action_Foundations_for_Evaluation_and_Governance_2025,WEF_AI_Agents_in_Action_Foundations_for_Evaluation_and_Governance_2025.pdf,Policy,1,evaluation,0.38586843526238285
WEF_AI_Agents_in_Action_Foundations_for_Evaluation_and_Governance_2025,WEF_AI_Agents_in_Action_Foundations_for_Evaluation_and_Governance_2025.pdf,Policy,2,governance,0.3099656694542548
WEF_AI_Agents_in_Action_Foundations_for_Evaluation_and_Governance_2025,WEF_AI_Agents_in_Action_Foundations_for_Evaluation_and_Governance_2025.pdf,Policy,3,risk,0.3096249591839082
WEF_AI_Agents_in_Action_Foundations_for_Evaluation_and_Governance_2025,WEF_AI_Agents_in_Action_Foundations_for_Evaluation_and_Governance_2025.pdf,Policy,4,assessment,0.19316294847358464
WEF_AI_Agents_in_Action_Foundations_for_Evaluation_and_Governance_2025,WEF_AI_Agents_in_Action_Foundations_for_Evaluation_and_Governance_2025.pdf,Policy,5,foundation,0.16968903729902143
WEF_AI_Agents_in_Action_Foundations_for_Evaluation_and_Governance_2025,WEF_AI_Agents_in_Action_Foundations_for_Evaluation_and_Governance_2025.pdf,Policy,6,authority,0.15041890087214693
WEF_AI_Agents_in_Action_Foundations_for_Evaluation_and_Governance_2025,WEF_AI_Agents_in_Action_Foundations_for_Evaluation_and_Governance_2025.pdf,Policy,7,classification,0.13322816934390155
WEF_AI_Agents_in_Action_Foundations_for_Evaluation_and_Governance_2025,WEF_AI_Agents_in_Action_Foundations_for_Evaluation_and_Governance_2025.pdf,Policy,8,context,0.12615829658276853
WEF_AI_Agents_in_Action_Foundations_for_Evaluation_and_Governance_2025,WEF_AI_Agents_in_Action_Foundations_for_Evaluation_and_Governance_2025.pdf,Policy,9,mcp,0.12466834795089962
WEF_AI_Agents_in_Action_Foundations_for_Evaluation_and_Governance_2025,WEF_AI_Agents_in_Action_Foundations_for_Evaluation_and_Governance_2025.pdf,Policy,10,autonomy,0.11495063817030485
WEF_AI_Agents_in_Action_Foundations_for_Evaluation_and_Governance_2025,WEF_AI_Agents_in_Action_Foundations_for_Evaluation_and_Governance_2025.pdf,Policy,11,environment,0.10939964804267815
WEF_AI_Agents_in_Action_Foundations_for_Evaluation_and_Governance_2025,WEF_AI_Agents_in_Action_Foundations_for_Evaluation_and_Governance_2025.pdf,Policy,12,deterministic,0.10255824322426645
WEF_AI_Agents_in_Action_Foundations_for_Evaluation_and_Governance_2025,WEF_AI_Agents_in_Action_Foundations_for_Evaluation_and_Governance_2025.pdf,Policy,13,organization,0.09852911843168986
WEF_AI_Agents_in_Action_Foundations_for_Evaluation_and_Governance_2025,WEF_AI_Agents_in_Action_Foundations_for_Evaluation_and_Governance_2025.pdf,Policy,14,oversight,0.09690552157664303
WEF_AI_Agents_in_Action_Foundations_for_Evaluation_and_Governance_2025,WEF_AI_Agents_in_Action_Foundations_for_Evaluation_and_Governance_2025.pdf,Policy,15,progressive,0.09652540538754488
